{
    "2018": {
        "Chl": {
            "15 m < z < 22 m": {
                "Bias": -1.0861093009424592,
                "N": 56,
                "RMSE": 3.249222903441585,
                "WSS": 0.3120997015468603
            },
            "all": {
                "Bias": -1.2635540918255384,
                "N": 191,
                "RMSE": 3.9524465197586833,
                "WSS": 0.4932931312827903
            },
            "z < 15 m": {
                "Bias": -1.3737289352461448,
                "N": 128,
                "RMSE": 4.301330222708066,
                "WSS": 0.5041511612810634
            },
            "z < 15 m, Apr": {
                "Bias": -2.988388916974844,
                "N": 43,
                "RMSE": 5.1664495685960805,
                "WSS": 0.46737453617745295
            },
            "z < 15 m, JFM": {
                "Bias": -0.567528574281023,
                "N": 56,
                "RMSE": 1.6450826413913735,
                "WSS": 0.5128144807132704
            },
            "z < 15 m, MJJA": {
                "Bias": -0.5363786248914142,
                "N": 29,
                "RMSE": 6.07103712150842,
                "WSS": 0.3186456758875609
            },
            "z < 15 m, SOND": {
                "Bias": NaN,
                "N": 0,
                "RMSE": NaN,
                "WSS": NaN
            },
            "z > 50 m": {
                "Bias": -0.04567623608163558,
                "N": 1,
                "RMSE": 0.04567623608163558,
                "WSS": 0.0
            },
            "z >= 22 m": {
                "Bias": -0.6684867106276627,
                "N": 7,
                "RMSE": 1.8658008837454239,
                "WSS": 0.36637106017695464
            }
        },
        "Chl log10": {
            "15 m < z < 22 m": {
                "Bias": -0.12603016745306153,
                "N": 56,
                "RMSE": 0.4198194581453354,
                "WSS": 0.5580745448027749
            },
            "all": {
                "Bias": -0.10015722485282602,
                "N": 191,
                "RMSE": 0.41993588627048467,
                "WSS": 0.738875294820899
            },
            "z < 15 m": {
                "Bias": -0.07996552006757149,
                "N": 128,
                "RMSE": 0.41276644822411446,
                "WSS": 0.7354979530542078
            },
            "z < 15 m, Apr": {
                "Bias": -0.2596227589698773,
                "N": 43,
                "RMSE": 0.5138518224896902,
                "WSS": 0.5275970141160264
            },
            "z < 15 m, JFM": {
                "Bias": -0.048606292469259,
                "N": 56,
                "RMSE": 0.23671106408999068,
                "WSS": 0.806378374406606
            },
            "z < 15 m, MJJA": {
                "Bias": 0.12586704983910613,
                "N": 29,
                "RMSE": 0.5022867691011821,
                "WSS": 0.34876750680711366
            },
            "z < 15 m, SOND": {
                "Bias": NaN,
                "N": 0,
                "RMSE": NaN,
                "WSS": NaN
            },
            "z > 50 m": {
                "Bias": -0.622094095946357,
                "N": 1,
                "RMSE": 0.622094095946357,
                "WSS": 0.0
            },
            "z >= 22 m": {
                "Bias": -0.262393428695597,
                "N": 7,
                "RMSE": 0.5350646452367365,
                "WSS": 0.8115021336977316
            }
        },
        "Density": {
            "15 m < z < 22 m": {
                "Bias": 0.06710311551739778,
                "N": 62,
                "RMSE": 0.3491059862426321,
                "WSS": 0.9210982992932175
            },
            "all": {
                "Bias": -0.031208260656399034,
                "N": 685,
                "RMSE": 0.6322858166860741,
                "WSS": 0.9673553983566462
            },
            "z < 15 m": {
                "Bias": -0.3060870893405081,
                "N": 194,
                "RMSE": 1.1427588326419647,
                "WSS": 0.9280442893559222
            },
            "z < 15 m, Apr": {
                "Bias": -0.12327375968686738,
                "N": 75,
                "RMSE": 0.541385503555805,
                "WSS": 0.9031842714516819
            },
            "z < 15 m, JFM": {
                "Bias": -0.19599556257537643,
                "N": 87,
                "RMSE": 1.125118135303492,
                "WSS": 0.8688671075861139
            },
            "z < 15 m, MJJA": {
                "Bias": -1.033867169109726,
                "N": 32,
                "RMSE": 1.946385210937538,
                "WSS": 0.9353613668475033
            },
            "z < 15 m, SOND": {
                "Bias": NaN,
                "N": 0,
                "RMSE": NaN,
                "WSS": NaN
            },
            "z > 50 m": {
                "Bias": 0.079237484630994,
                "N": 293,
                "RMSE": 0.1573741827167262,
                "WSS": 0.9915120768320707
            },
            "z >= 22 m": {
                "Bias": 0.07888774736670712,
                "N": 429,
                "RMSE": 0.173759705349051,
                "WSS": 0.9920902574733925
            }
        },
        "NO3": {
            "15 m < z < 22 m": {
                "Bias": 0.18006621170043502,
                "N": 60,
                "RMSE": 4.502132949353231,
                "WSS": 0.7334121413394813
            },
            "all": {
                "Bias": -0.9312449174574127,
                "N": 634,
                "RMSE": 3.10975819271076,
                "WSS": 0.9246747233467243
            },
            "z < 15 m": {
                "Bias": -0.7503615929966898,
                "N": 168,
                "RMSE": 4.525201000292413,
                "WSS": 0.9129392018166791
            },
            "z < 15 m, Apr": {
                "Bias": 1.0958930841039436,
                "N": 61,
                "RMSE": 5.486320194612699,
                "WSS": 0.7603557883908763
            },
            "z < 15 m, JFM": {
                "Bias": -1.7343129619799207,
                "N": 76,
                "RMSE": 2.1101073069763965,
                "WSS": 0.655177337476186
            },
            "z < 15 m, MJJA": {
                "Bias": -1.971046472364856,
                "N": 31,
                "RMSE": 6.389846596464093,
                "WSS": 0.7874573523356267
            },
            "z < 15 m, SOND": {
                "Bias": NaN,
                "N": 0,
                "RMSE": NaN,
                "WSS": NaN
            },
            "z > 50 m": {
                "Bias": -1.2606640515618004,
                "N": 279,
                "RMSE": 1.6193335779209617,
                "WSS": 0.8271296284070025
            },
            "z >= 22 m": {
                "Bias": -1.1703263614447863,
                "N": 406,
                "RMSE": 1.90591198552749,
                "WSS": 0.8199138179941243
            }
        },
        "Salinity": {
            "15 m < z < 22 m": {
                "Bias": 0.051714189699861635,
                "N": 62,
                "RMSE": 0.4374329777975093,
                "WSS": 0.9245578317774542
            },
            "all": {
                "Bias": -0.057034723856858704,
                "N": 685,
                "RMSE": 0.7948953818223182,
                "WSS": 0.9557060246750548
            },
            "z < 15 m": {
                "Bias": -0.4055846790090669,
                "N": 194,
                "RMSE": 1.4334730757539742,
                "WSS": 0.9208768570720557
            },
            "z < 15 m, Apr": {
                "Bias": -0.18114001133658775,
                "N": 75,
                "RMSE": 0.6955659496575148,
                "WSS": 0.8979061021025623
            },
            "z < 15 m, JFM": {
                "Bias": -0.2945794161637103,